query,complexity,task_type,domain,has_code,is_math,optimal_model,rationale
Translate 'The quick brown fox jumps over the lazy dog' into Spanish.,1,translation,general,0,0,gemini-flash,A straightforward text translation task with low complexity.
Summarize the key findings of the latest IPCC report on climate change in 150 words.,3,summarization,science,0,0,gpt-4o,"Requires understanding complex scientific text and condensing it accurately, suitable for a highly capable model."
Explain the concept of quantum entanglement to a high school student.,4,qa,science,0,0,gpt-4o,"Demands clear explanation of a complex scientific topic, requiring deep understanding and pedagogical skill."
Write a Python function to calculate the Nth Fibonacci number using recursion.,2,code,tech,1,0,gemini-flash,A common coding problem that is directly implementable with clear requirements.
Debug the following C++ code snippet which causes a segmentation fault: `int main() { int* ptr = nullptr; *ptr = 10; return 0; }`,2,debugging,tech,1,0,gemini-flash,Involves identifying and correcting a clear error in a provided code snippet.
"If all 'flumph' are 'glorp' and some 'glorp' are 'snirk', what can be inferred about 'flumph' and 'snirk'?",3,reasoning,general,0,0,gpt-4o,"Requires logical deduction from abstract premises, best handled by a model strong in reasoning."
"Write a short poem about a lonely astronaut discovering a new planet, in the style of haiku.",3,creative,general,0,0,gpt-4o,"Demands creative writing within specific constraints, leveraging advanced language generation capabilities."
"Analyze the sentiment of the following customer review: 'This product was absolutely terrible, it broke after one day and their support was useless.'",2,analysis,tech,0,0,gemini-flash,A standard natural language processing task for sentiment classification.
What is the capital of France?,1,qa,general,0,0,o3-mini,A very simple factual question that requires minimal processing power.
List three common symptoms of influenza and how it differs from the common cold.,2,qa,medical,0,0,gemini-flash,Requires factual recall and simple comparative explanation.
Explain the concept of compound interest with an example calculation for $1000 invested at 5% annually for 3 years.,3,qa,finance,0,1,gpt-4o,Involves explaining a financial concept and performing a multi-step mathematical calculation.
"Translate the following legal contract clause into plain English for a non-lawyer: 'Notwithstanding anything to the contrary herein, the Parties shall indemnify and hold harmless each other from and against any and all claims, damages, liabilities, losses, costs, and expenses.'",4,translation,legal,0,0,gpt-4o,"Requires translating complex legal jargon into simpler terms, which demands nuanced understanding."
Summarize the landmark Supreme Court case *Roe v. Wade* and its historical impact in 200 words.,4,summarization,legal,0,0,gpt-4o,"Requires summarizing complex legal history and its impact accurately, a task for advanced models."
"Given a dataset of student grades, calculate the average score and standard deviation, then identify any outliers more than 2 standard deviations from the mean.",4,analysis,education,0,1,gpt-4o,"Involves multi-step mathematical and statistical analysis, requiring robust analytical capabilities."
"Create a lesson plan for teaching basic algebra to 7th graders, including examples and a short quiz.",4,creative,education,0,1,gpt-4o,"Requires creative generation of educational content, including mathematical elements and structured planning."
Generate 5 unique marketing taglines for a new brand of eco-friendly cleaning products.,2,creative,general,0,0,gemini-flash,A straightforward creative generation task requiring diverse output.
How can I sort an array of objects in JavaScript by a specific property in ascending order?,2,code,tech,1,0,gemini-flash,A common programming query that requires providing a code example and explanation.
"Identify the logical fallacy in the following argument: 'My doctor smoked his whole life and lived to be 90, so smoking isn't bad for you.'",3,reasoning,medical,0,0,gpt-4o,"Involves identifying and explaining a specific logical error, requiring strong reasoning capabilities."
Rewrite the following SQL query to be more efficient for large databases: `SELECT * FROM Orders WHERE CustomerID IN (SELECT CustomerID FROM Customers WHERE Region = 'East');`,3,debugging,finance,1,0,gemini-flash,"Requires optimizing existing code for performance, a common task for code-focused models."
What are the ethical implications of using AI in healthcare diagnostics?,5,analysis,medical,0,0,o3-mini,A complex open-ended question requiring nuanced ethical reasoning and in-depth analysis.
Summarize the plot of Shakespeare's 'Hamlet' in less than 100 words.,2,summarization,education,0,0,gemini-flash,A straightforward text summarization task for a well-known literary work.
"Explain the process of photosynthesis, including its chemical equation, for a middle school science class.",3,reasoning,science,0,0,gemini-flash,Requires explaining a scientific process and recalling a chemical equation clearly.
List the essential components of a robust cybersecurity framework for small businesses.,4,debugging,legal,0,0,o3-mini,"Requires outlining complex security concepts, fitting a problem-solving/debugging context in a legal/compliance domain."
How can I represent a directed acyclic graph (DAG) using an adjacency list in Python? Provide code.,3,code,science,1,0,o3-mini,A specific coding query that needs both explanation and a functional code example for graph representation.
Translate a short passage on financial market trends from English to simplified Chinese.,3,translation,finance,0,0,o3-mini,"A moderately complex translation task involving specialized financial terminology, suitable for a general-purpose model."
"Translate ""The quick brown fox jumps over the lazy dog"" into Spanish.",1,translation,general,0,0,gemini-flash,"Simple, low-complexity language translation task."
"Summarize the key findings of the latest research paper on CRISPR gene editing for a non-specialist audience, focusing on ethical implications.",4,summarization,science,0,0,gpt-4o,Requires nuanced understanding and simplification of complex scientific information for a broad audience.
Who was the first person to walk on the moon?,1,qa,general,0,0,o3-mini,Straightforward factual recall question.
Write a Python function that takes a list of numbers and returns their sum.,2,code,tech,1,0,gemini-flash,"Basic code generation task, suitable for a fast model."
"This JavaScript code for fetching data from an API is giving a `TypeError: Failed to fetch`. What are common causes for this error and how can I fix it?
javascript
async function fetchData() {
  const response = await fetch('/api/data');
  const data = await response.json();
  console.log(data);
}
fetchData();",3,debugging,tech,1,0,gpt-4o,Requires analyzing code and common web development issues for debugging.
"If all birds can fly, and a penguin is a bird, can a penguin fly? Explain your reasoning.",2,reasoning,education,0,0,o3-mini,Simple logical deduction based on provided premises.
Write a short haiku about autumn leaves.,1,creative,general,0,0,gemini-flash,A simple creative writing task following a specific format.
Analyze the potential impact of a 0.25% interest rate hike by the Federal Reserve on the S&P 500 index over the next quarter.,5,analysis,finance,0,0,gpt-4o,Requires deep understanding of economic principles and market dynamics for complex financial analysis.
Translate the medical term 'tachycardia' into common English.,1,translation,medical,0,0,gemini-flash,"A simple, direct translation of a specialized term."
"Summarize the core arguments presented in Roe v. Wade, including the constitutional basis and dissenting opinions.",4,summarization,legal,0,0,gpt-4o,Requires summarizing a complex legal case with multiple viewpoints.
What is the chemical symbol for water?,1,qa,science,0,0,o3-mini,Basic factual recall question about a scientific concept.
Generate a CSS snippet to center a div horizontally using flexbox.,2,code,tech,1,0,gemini-flash,"Common, straightforward code snippet generation."
"The following C++ code for a linked list insertion isn't working as expected. It compiles, but crashes when I try to insert a node at the beginning. What's wrong?
cpp
struct Node {
    int data;
    Node* next;
};

void insertAtBeginning(Node* head, int value) {
    Node* newNode = new Node();
    newNode->data = value;
    newNode->next = head;
    head = newNode; // Problem here
}",4,debugging,tech,1,0,gpt-4o,Debugging a common pointer issue in C++ requires careful code analysis.
"If it is true that all squares are rectangles, and this shape is a square, can you conclude it is also a rectangle?",1,reasoning,general,0,0,gemini-flash,A very basic deductive reasoning task.
"Develop a compelling storyline for a children's book about a shy robot learning to make friends, including key character traits and plot points.",4,creative,education,0,0,gpt-4o,Requires elaborate creative writing and narrative development.
"Based on the provided symptoms (fever, cough, fatigue), what are the three most probable diagnoses?",3,analysis,medical,0,0,gemini-flash,Requires basic diagnostic reasoning based on common symptoms.
"Explain the concept of 'due process' in U.S. law, differentiating between procedural and substantive due process.",3,qa,legal,0,0,gpt-4o,Requires understanding and explaining a nuanced legal concept.
"What does ""Carpe Diem"" mean in English?",1,translation,education,0,0,o3-mini,"Simple, common phrase translation."
Write a simple SQL query to select all transactions from the 'transactions' table where the amount is greater than 1000.,2,code,finance,1,0,gemini-flash,"Basic SQL query generation, a common code task."
Condense a 10-page academic paper on quantum entanglement into a single paragraph for a physics undergraduate.,5,summarization,science,0,0,gpt-4o,Requires high-level comprehension and advanced summarization of complex scientific text.
"Given a set of experimental results showing a positive correlation between caffeine intake and alertness, what is a simple conclusion that can be drawn?",2,reasoning,science,0,0,o3-mini,Simple interpretation of data to draw a conclusion.
"I'm trying to calculate the average score from a list `[85, 90, 78, 92]` but my calculator gives `345/4`. The average should be a single number. What went wrong?",1,debugging,education,0,1,gemini-flash,"Simple debugging of a mathematical calculation, not code."
"Draft a fictional opening statement for a defense attorney in a murder trial, emphasizing reasonable doubt and character portrayal.",5,creative,legal,0,0,gpt-4o,Demands sophisticated creative writing with legal precision and persuasive argumentation.
"Evaluate whether a new over-the-counter pain reliever with ingredient X is likely to be more effective than ibuprofen for mild headaches, based on general pharmacological principles.",3,analysis,medical,0,0,gemini-flash,Requires basic comparative analysis of drug efficacy based on general knowledge.
"Imagine you are a financial advisor from the year 2050. Describe how you would pitch a personalized retirement plan to a millennial, considering futuristic investment opportunities and economic trends.",5,creative,finance,0,0,gpt-4o,"Requires extensive creative thinking, domain expertise, and future forecasting for a detailed scenario."
"Translate 'Hello, how are you?' into Spanish.",1,translation,general,0,0,gemini-flash,"Simple, low-complexity language translation."
Summarize the plot of Shakespeare's 'Hamlet' in 100 words.,2,summarization,education,0,0,gemini-flash,Requires understanding a classic text and concise summarization.
What is the capital city of Australia?,1,qa,general,0,0,o3-mini,A straightforward factual question.
Write a Python script to reverse a string without using built-in reverse functions.,2,code,tech,1,0,gemini-flash,Involves generating simple code for a common programming task.
Fix the syntax error in this C++ code snippet: `int main() { cout << 'Hello world' << endl }`,2,debugging,tech,1,0,o3-mini,Identifying and fixing a clear syntax error in provided code.
"If a person is a professional musician, they can read sheet music. Sarah can read sheet music. Does this mean Sarah is a professional musician? Explain.",3,reasoning,general,0,0,gpt-4o,Requires careful logical deduction to identify a potential fallacy.
Write a sonnet about the beauty of a sunset over the ocean.,3,creative,general,0,0,gpt-4o,Demands poetic creativity following specific structural constraints.
Perform a SWOT analysis for a new electric vehicle startup entering the market.,4,analysis,finance,0,0,gpt-4o,"Involves strategic business analysis, identifying strengths, weaknesses, opportunities, and threats."
What are the key provisions of the GDPR (General Data Protection Regulation) regarding data subject rights?,3,qa,legal,0,0,gemini-flash,Provides factual information from a specific legal framework.
"Explain the process of photosynthesis, including inputs and outputs, for a middle school science class.",3,summarization,science,0,0,gemini-flash,Requires explaining a scientific process clearly and concisely for a specific audience.
Design a curriculum outline for an introductory course on astrophysics for college freshmen.,4,creative,science,0,0,gpt-4o,Involves structuring educational content and learning objectives within a scientific domain.
Translate a complex technical manual section about engine diagnostics from English to Japanese.,5,translation,tech,0,0,gpt-4o,High complexity due to technical jargon and language nuances in translation.
"Given a 2D array representing a maze, write an algorithm (e.g., in pseudocode) to find a path from start to end.",4,code,education,1,0,gpt-4o,"Requires designing a complex algorithm, which can serve an educational purpose."
Analyze the factors contributing to the 2008 global financial crisis and propose policy recommendations to prevent recurrence.,5,analysis,finance,0,0,gpt-4o,"Demands deep historical analysis, economic understanding, and policy formulation."
"Explain the difference between Type 1 and Type 2 diabetes, including symptoms and treatment approaches.",3,qa,medical,0,0,gemini-flash,Provides comparative factual medical information and explanations.
You are given three statements: A is greater than B. C is less than B. Is A greater than C? Use logical deduction.,2,reasoning,education,0,1,o3-mini,Simple logical deduction with quantitative elements.
"Draft a formal complaint letter to a city council regarding excessive noise from a construction site, referencing relevant local ordinances.",4,creative,legal,0,0,gpt-4o,Requires generating a formal document with legal context and persuasive language.
Debug why a machine learning model built with TensorFlow is consistently overfitting on the training data.,4,debugging,tech,0,0,gpt-4o,Involves diagnosing conceptual issues in a complex machine learning system.
Evaluate the potential side effects of a new experimental drug based on its chemical structure and known drug interactions.,5,analysis,medical,0,0,gpt-4o,Requires deep medical and chemical knowledge for risk assessment.
Write a short narrative from the perspective of a single white blood cell fighting an infection in the human body.,4,creative,science,0,0,gemini-flash,Demands imaginative storytelling grounded in biological concepts.
"Calculate the future value of an investment of $5,000 at an annual interest rate of 6% compounded monthly for 10 years.",3,reasoning,finance,0,1,o3-mini,Requires applying a specific financial formula with mathematical calculation.
Summarize the ethical considerations surrounding gene editing technologies like CRISPR-Cas9.,4,summarization,science,0,0,gemini-flash,Requires synthesizing complex ethical and scientific information concisely.
Translate the legal document 'Last Will and Testament' into a simplified explanation suitable for a non-lawyer.,4,translation,legal,0,0,gemini-flash,"Involves simplifying complex legal jargon for a lay audience, a form of semantic translation."
Write a short Java method to check if a given year is a leap year.,2,code,education,1,1,gemini-flash,Requires writing simple code based on mathematical and logical conditions.
"Identify potential drug interactions and contraindications for a patient taking warfarin, considering their existing medication list (e.g., ibuprofen, amiodarone, omeprazole).",4,debugging,medical,0,0,o3-mini,Requires nuanced analysis of medical data to identify harmful interactions.
"Translate the following business memo from English to Spanish: ""The Q3 earnings report will be released next Monday. Please review the financial projections carefully.""",2,translation,finance,0,0,gemini-flash,Requires accurate linguistic conversion for a specific domain.
Analyze the latest advancements in CRISPR gene-editing technology and their potential ethical implications.,4,analysis,science,0,0,gpt-4o,Demands comprehensive scientific understanding and nuanced ethical reasoning.
Summarize the main points of the attached legal document regarding a breach of contract case.,3,summarization,legal,0,0,o3-mini,Requires extracting key information from a dense text without deep interpretation.
"Write a Python function that takes a list of numbers and returns their average, rounded to two decimal places.",2,code,tech,1,0,gemini-flash,Involves straightforward coding for a common numerical task.
"Design a marketing campaign for a new sustainable footwear brand targeting Gen Z, including social media strategies and potential celebrity endorsements.",5,creative,general,0,0,gpt-4o,"Requires high-level creativity, strategic thinking, and understanding of target demographics."
Explain the concept of photosynthesis to a 10-year-old.,2,qa,education,0,0,gemini-flash,Requires simplifying complex information for a specific audience.
What are the common symptoms of seasonal influenza?,1,qa,medical,0,0,o3-mini,Simple factual recall from a medical domain.
Evaluate the logical consistency of Kant's categorical imperative in modern ethical dilemmas.,5,reasoning,general,0,0,gpt-4o,Demands deep philosophical understanding and complex abstract reasoning.
Debug the following JavaScript code snippet which is intended to fetch data from an API but is throwing a CORS error: `fetch('https://api.example.com/data').then(response => response.json()).then(data => console.log(data));`,3,debugging,tech,1,0,gemini-flash,Involves diagnosing a common web development error in provided code.
"Given a set of clinical trial results for a new oncology drug, interpret the statistical significance of the outcomes and suggest next steps for further research.",5,analysis,medical,0,1,gpt-4o,Requires statistical interpretation and critical thinking in a sensitive medical context.
Draft an email to a professor requesting an extension for a term paper due to unforeseen personal circumstances.,2,creative,education,0,0,gemini-flash,Involves generating polite and persuasive text for a common scenario.
"Briefly summarize the plot of ""Pride and Prejudice.""",2,summarization,general,0,0,o3-mini,Requires condensing narrative content effectively.
"Propose a novel solution to mitigate the effects of climate change using advanced AI and materials science, detailing potential challenges and benefits.",5,reasoning,science,0,0,gpt-4o,Demands interdisciplinary knowledge and innovative problem-solving at a high level.
"Convert the following C++ code to Java: `int sum(int a, int b) { return a + b; }`",3,code,tech,1,0,gemini-flash,Involves translating code between two popular programming languages.
Write a compelling closing statement for a fictional defense attorney arguing a complex intellectual property case.,4,creative,legal,0,0,gpt-4o,Requires crafting persuasive legal rhetoric in a creative context.
"Invent a plausible scientific explanation for the existence of parallel universes, including potential ways to detect them.",4,creative,science,0,0,gemini-flash,Requires imaginative and scientifically coherent world-building.
What is the capital of Australia?,1,qa,general,0,0,o3-mini,Simple factual query for general knowledge.
"Analyze the fiscal policy responses of central banks during the 2008 financial crisis and compare them with the COVID-19 pandemic, including the long-term economic impacts.",4,analysis,finance,0,0,gpt-4o,"Requires deep economic knowledge, comparative analysis, and understanding of complex events."
Translate the legal disclaimer section of a software EULA from English to German.,3,translation,legal,0,0,gemini-flash,Involves translating specialized legal text.
"Given the following series: 1, 1, 2, 3, 5, 8, ... what is the 15th term? Explain your reasoning.",3,reasoning,education,0,1,gpt-4o,Requires identifying a mathematical pattern and extending it.
"Summarize the plot and key characters of Shakespeare's ""Hamlet"" in 150 words or less.",2,summarization,education,0,0,gemini-flash,Requires concise summarization of a classic literary work.
"Identify the syntax error in this SQL query: `SELECT name, age FROM Users WHERE age > 25 AND ORDER BY name;`",2,debugging,tech,1,0,o3-mini,Simple identification of a common syntax error in a code snippet.
Develop a comprehensive research proposal for a study investigating the neural correlates of consciousness using fMRI and EEG data.,5,reasoning,science,0,0,gpt-4o,Requires high-level scientific conceptualization and research design skills.
Translate the patient information leaflet about hypertension from English to Arabic.,3,translation,medical,0,0,gemini-flash,Requires accurate medical translation for patient care.
"Write a SQL query to calculate the present value of an annuity of $1,000 per year for 10 years, discounted at an annual rate of 5% from an `Investments` table.",4,code,finance,1,1,gpt-4o,Involves complex financial calculations and SQL code generation.
Translate 'Wie geht es Ihnen?' into English.,1,translation,general,0,0,gemini-flash,Simple translation task for a common phrase.
Summarize the key findings from the latest IPCC report on climate change.,4,summarization,science,0,0,gpt-4o,Requires understanding complex scientific text and extracting salient points.
What are the common symptoms of influenza?,2,qa,medical,0,0,gemini-flash,Straightforward factual recall from a specific domain.
Write a Python function to calculate the Nth Fibonacci number recursively.,3,code,tech,1,0,gpt-4o,Involves understanding algorithms and generating correct code.
Why is the sky blue?,2,qa,science,0,0,gemini-flash,Common knowledge question requiring a clear scientific explanation.
"Correct the error in this SQL query: `SELECT name, age FROM users WHERE age > '18'`",2,debugging,tech,1,0,gemini-flash,Identifies and fixes a common database query syntax or type error.
"Analyze the financial implications of a 0.5% interest rate hike on a $500,000 mortgage over 30 years.",5,analysis,finance,0,1,gpt-4o,Requires complex financial calculations and interpretation of their impact.
Write a short story about a detective solving a mystery in a futuristic city.,4,creative,general,0,0,gpt-4o,Requires imaginative storytelling and adherence to genre conventions.
What are the legal precedents set by the Roe v. Wade decision?,3,qa,legal,0,0,gemini-flash,Factual recall of significant legal history and its implications.
Generate five unique business ideas for an eco-friendly pet supply company.,3,creative,general,0,0,o3-mini,Requires ideation and creativity within specified constraints.
How does photosynthesis work?,2,qa,science,0,0,gemini-flash,Explaining a fundamental biological process.
Summarize the plot of Shakespeare's 'Hamlet' in 150 words.,3,summarization,education,0,0,gpt-4o,Requires condensing a complex narrative while maintaining key details.
Find the derivative of f(x) = x^3 + 2x - 5.,2,reasoning,education,0,1,gemini-flash,Straightforward application of calculus rules.
Explain the concept of 'negligence' in tort law with an example.,3,reasoning,legal,0,0,gpt-4o,Requires explaining a legal concept and providing a relevant illustrative example.
Refactor this Java code snippet to improve its readability and performance: [provided Java code block with nested loops and redundant calculations].,4,debugging,tech,1,0,gpt-4o,Involves deep understanding of code structure and optimization techniques.
Design a simple responsive navigation bar using HTML and CSS.,3,code,tech,1,0,gemini-flash,Requires generating functional web development code from a specification.
Analyze the ethical implications of using AI in medical diagnosis without human oversight.,5,analysis,medical,0,0,gpt-4o,Involves nuanced ethical reasoning and consideration of complex societal impacts.
Translate a technical manual for a quantum computer from English to German.,5,translation,tech,0,0,gpt-4o,Requires highly accurate and context-aware translation of complex technical jargon.
Forecast the stock price of Apple (AAPL) for the next quarter based on its historical performance and recent news.,5,analysis,finance,0,1,o3-mini,"Requires complex data analysis, financial modeling, and speculative forecasting."
Draft a formal email to a professor requesting an extension for an assignment.,2,creative,education,0,0,gemini-flash,Simple task of generating a polite and structured communication.
"What are the common side effects of chemotherapy, and how can they be managed?",3,qa,medical,0,0,gemini-flash,Requires comprehensive medical information retrieval and advice on management.
Explain the legal concept of 'mens rea' in criminal law.,3,reasoning,legal,0,0,o3-mini,Requires precise explanation of a specific legal principle.
"Calculate the total profit if a company sells 1500 units at $25 each, with production costs of $10 per unit and fixed costs of $5000.",2,reasoning,finance,0,1,o3-mini,Involves basic arithmetic and simple business calculations.
"Translate ""How are you doing today?"" into Spanish.",1,translation,general,0,0,gemini-flash,A straightforward phrase translation requires minimal computational resources.
"Summarize the main points of the attached research paper on quantum entanglement for a high school student, focusing on the core concepts and implications.",3,summarization,science,0,0,gpt-4o,Requires understanding complex scientific text and simplifying it for a specific audience.
"Write a Python function that takes a list of numbers and returns their average, handling potential empty lists gracefully.",2,code,tech,1,0,gemini-flash,Generating a basic utility function in a common language is a moderate coding task.
Debug the following Java code snippet which is causing a NullPointerException due to an uninitialized object: `public String getName(User user) { return user.profile.name; }`,3,debugging,tech,1,0,gpt-4o,Requires code analysis and understanding potential runtime issues to suggest a fix.
"If all ravens are black, and I see a non-black bird, can I conclude it is not a raven? Explain your reasoning using deductive logic.",3,reasoning,general,0,0,gpt-4o,Involves logical deduction and requires clear explanation of conditional statements.
"Write a short, optimistic poem about the first human colony on Mars, capturing a sense of hope and pioneering spirit.",4,creative,science,0,0,gpt-4o,"Creative writing, especially poetry with a specific theme and tone, benefits from advanced generative models."
"Analyze the quarterly financial report of company XYZ, focusing on revenue growth, profit margins, and future outlook based on management commentary, providing a brief investment recommendation.",4,analysis,finance,0,0,gpt-4o,Requires in-depth understanding of financial statements and the ability to synthesize complex information.
"Explain the concept of photosynthesis to a 10-year-old, using simple analogies and avoiding complex scientific jargon.",2,qa,science,0,0,gemini-flash,Explaining a scientific concept simply for a younger audience is a common task.
"What are the key differences between common law and civil law legal systems, and how do they impact judicial decision-making?",3,qa,legal,0,0,gpt-4o,Requires detailed comparative analysis of legal frameworks and their practical implications.
"Design a lesson plan for teaching basic fractions to 3rd graders, including objectives, activities, and assessment methods.",4,creative,education,0,1,o3-mini,"While creative, a structured lesson plan for basic concepts can be generated by a capable smaller model."
"How would you approach refactoring a large legacy codebase written in C# to improve modularity, testability, and adherence to modern design patterns?",5,analysis,tech,1,0,gpt-4o,"Requires deep architectural understanding, strategic planning, and experience with code quality improvements."
"Translate this medical report abstract from English to German, ensuring accurate terminology: ""The study investigated the efficacy of a new drug for hypertension in a randomized, double-blind, placebo-controlled trial.""",2,translation,medical,0,0,gemini-flash,A specific domain translation of a clear scientific sentence is manageable for a capable model.
"Identify the grammatical errors in the following sentence: ""He don't usually goes to the store on Sundays, he prefer stay home.""",1,debugging,general,0,0,o3-mini,Simple grammatical error identification is a basic language understanding task.
"Calculate the future value of an investment of $10,000 at an annual interest rate of 5% compounded annually over 10 years, showing the formula used.",2,reasoning,finance,0,1,o3-mini,A straightforward financial calculation following a known formula.
"Summarize the key findings from a clinical trial report on a new Alzheimer's treatment, highlighting statistical significance, potential side effects, and the limitations of the study.",4,summarization,medical,0,0,gpt-4o,Requires extracting and synthesizing critical information from complex medical literature.
"Generate a detailed proposal for a new online learning platform targeting adult learners seeking professional development in AI, including market analysis, feature set, and monetization strategy.",5,creative,education,0,0,gpt-4o,"Requires extensive ideation, structural planning, and detailed content generation for a complex business proposal."
Explain why legal precedents are important in common law jurisdictions and provide an example of how they are applied.,3,qa,legal,0,0,gemini-flash,Requires explaining a fundamental legal concept with supporting reasoning and an example.
Refactor this JavaScript code to use async/await for better readability and error handling: `fetch('/api/data').then(response => response.json()).then(data => console.log(data)).catch(error => console.error(error));`,3,debugging,tech,1,0,gemini-flash,"Involves modifying existing code for modern asynchronous patterns, a common development task."
"Evaluate the ethical implications of using facial recognition technology in public surveillance systems, considering privacy, bias, and potential misuse.",4,analysis,tech,0,0,o3-mini,Requires nuanced ethical reasoning and consideration of societal impacts for a well-defined topic.
Write a short story (approx. 500 words) about a detective solving a complex missing person mystery in a futuristic cyberpunk city with advanced AI and cybernetic enhancements.,4,creative,general,0,0,o3-mini,Requires creative storytelling with genre-specific elements and moderate length.
"Translate the philosophical concept of 'Cogito, ergo sum' into modern, accessible English and explain its significance in Descartes' philosophy.",3,translation,education,0,0,gemini-flash,Involves translating a Latin phrase and then providing context and philosophical explanation.
Provide a legal opinion on the potential copyright infringement of an AI-generated artwork that was trained on a dataset containing existing copyrighted images without explicit permission.,5,reasoning,legal,0,0,gpt-4o,Requires complex legal reasoning and application of copyright law to emerging technological scenarios.
"Summarize the plot of Shakespeare's ""Romeo and Juliet"" in under 150 words, highlighting the main characters and key tragic events.",2,summarization,education,0,0,gemini-flash,A straightforward text summarization task for a well-known literary work with specific constraints.
"Write a simple SQL query to retrieve patient IDs, their first names, and their last visit dates from a 'patients' table, ordered by last visit date descending.",2,code,medical,1,0,gemini-flash,"Generating a basic database query for structured medical data is a common, low-to-medium complexity task."
Translate 'How are you doing today?' into Spanish.,1,translation,general,0,0,gemini-flash,Simple phrase translation is a low-complexity task.
"Summarize the key findings from the latest IPCC report on climate change, focusing on actionable recommendations.",3,summarization,science,0,0,gpt-4o,Summarizing a complex scientific report requires advanced understanding and synthesis.
What are the primary symptoms of appendicitis and how is it typically diagnosed?,2,qa,medical,0,0,gemini-flash,A straightforward medical information retrieval query.
"Debug the following JavaScript code snippet: 'function sum(a,b) { return a + b } sum(5, '2');'. Explain why it returns '52'.",3,debugging,tech,1,0,gpt-4o,Debugging and explaining type coercion in JavaScript requires understanding language behavior.
"A detective has three suspects for a theft: Alex, Ben, and Chloe. Alex says Ben is guilty. Ben says Chloe is guilty. Chloe says Alex is lying. If only one person is telling the truth, who is guilty?",4,reasoning,general,0,0,gpt-4o,This logic puzzle requires careful step-by-step conditional reasoning.
"Draft a short, whimsical story about a squirrel who discovers a magical acorn that grants wishes.",3,creative,general,0,0,gpt-4o,Generating a creative narrative requires imaginative text generation capabilities.
Analyze the pros and cons of implementing a four-day work week in the education sector.,4,analysis,education,0,0,gpt-4o,Requires balanced evaluation of complex social and economic factors in education.
What is the current exchange rate between USD and EUR?,1,qa,finance,0,0,gemini-flash,A simple fact-retrieval query requiring real-time information access.
Write a regex pattern to validate email addresses.,2,code,tech,1,0,gemini-flash,Generating a common regex pattern is a standard coding utility task.
How do you handle objections during a sales presentation for a new B2B software product?,3,reasoning,general,0,0,gpt-4o,Requires strategic thinking and advice generation for a common business scenario.
Compose a haiku about a rainy autumn day.,1,creative,general,0,0,o3-mini,A simple creative writing task following strict structural constraints.
Critique the legal arguments presented in Roe v. Wade and its subsequent overturning in Dobbs v. Jackson Women's Health Organization.,5,analysis,legal,0,0,gpt-4o,Requires deep legal expertise and nuanced analysis of landmark constitutional cases.
"Calculate the present value of an annuity with annual payments of $5,000 for 10 years, assuming a discount rate of 6%.",3,reasoning,finance,0,1,gemini-flash,Requires financial formula application and explicit mathematical calculation.
Explain the concept of 'force majeure' in contract law and provide an example scenario.,3,qa,legal,0,0,gemini-flash,Requires understanding and explaining a specific legal concept with an example.
"Convert the following C++ code to Java: '#include <iostream> int main() { std::cout << 'Hello, World!'; return 0; }'",2,translation,tech,1,0,gemini-flash,Translating simple code between common languages is a straightforward task.
Summarize the history of Roman gladiatorial games in 200 words or less.,2,summarization,education,0,0,o3-mini,Condensing historical information within a word limit is a routine summarization task.
"Given the following medical chart summary, identify potential drug interactions: [chart summary text including medications].",4,analysis,medical,0,0,gpt-4o,Requires complex medical analysis and inference from patient data.
Write an academic essay outlining the philosophical implications of artificial intelligence on human consciousness.,5,creative,education,0,0,gpt-4o,Requires deep philosophical understanding and high-level essay writing skills.
Translate a complex paragraph from a German astrophysics paper into English.,3,translation,science,0,0,o3-mini,Translating complex scientific text requires specialized vocabulary and accuracy.
Summarize the key market trends impacting the global semiconductor industry from the past quarter's financial reports.,3,summarization,finance,0,0,gemini-flash,Extracting and summarizing key financial trends is a common business task.
Write a simple Python script to calculate the roots of a quadratic equation (ax^2 + bx + c = 0).,2,code,science,1,1,o3-mini,Generating code for a basic mathematical formula is a common programming task.
Identify the error in this SQL query for patient records: 'SELECT * FROM patients WHERE age = '30' AND diagnosis = 'Flu';'. Explain potential issues with data types.,2,debugging,medical,1,0,gemini-flash,Debugging a simple SQL query for common data type issues is low complexity.
Review this draft legal contract for any obvious formatting or grammatical errors.,2,debugging,legal,0,0,o3-mini,Spotting basic errors in a document is a routine debugging task.
"Translate ""Hello, how are you?"" into Spanish.",1,translation,general,0,0,gemini-flash,Simple language translation is a basic function requiring low complexity.
Summarize the main points of a 1000-word article about renewable energy sources.,3,summarization,science,0,0,gpt-4o,"Condensing a medium-length article requires understanding and synthesis, best handled by a more capable model."
Write a Python function to calculate the factorial of a given number recursively.,2,code,tech,1,0,gemini-flash,Generating a common recursive function is a straightforward coding task.
"Identify the bug in this JavaScript code snippet: `function sum(a, b) { return a - b; }`",1,debugging,tech,1,0,gemini-flash,This is a trivial bug detection task.
"If all A are B, and all B are C, what can be concluded about A and C?",2,reasoning,general,0,0,o3-mini,Simple logical deduction can be handled efficiently by a smaller model.
Translate 'Je ne sais quoi' into English.,1,translation,general,0,0,o3-mini,Simple idiomatic translation is a basic function.
Analyze the market trends for cryptocurrency in the last quarter of 2023 based on provided data (assume data is given).,4,analysis,finance,0,0,gpt-4o,Market trend analysis requires interpretation of complex data and strategic insights.
"Translate a complex legal document from English to German, maintaining precise legal terminology.",5,translation,legal,0,0,gpt-4o,"High-stakes, domain-specific translation demands the highest level of accuracy and linguistic nuance."
"Summarize a medical research paper on the efficacy of a new drug for diabetes, focusing on methodology and key findings.",4,summarization,medical,0,0,gpt-4o,Summarizing specialized research requires deep comprehension and precise information extraction.
Generate C++ code for a binary search tree insertion function.,3,code,tech,1,0,gemini-flash,Generating a standard data structure operation requires moderate coding skill.
"Debug this SQL query: `SELECT name, age FROM Users WHERE age > '25'` (assume age is an integer column).",2,debugging,tech,1,0,gemini-flash,Identifying a type mismatch in a SQL query is a common debugging task.
"Given a sequence of events, determine the most probable next event based on causal relationships.",4,reasoning,general,0,0,gpt-4o,Probabilistic causal reasoning requires advanced understanding of sequences and dependencies.
Draft a short motivational speech for students preparing for final exams.,3,creative,education,0,0,o3-mini,Generating an engaging and context-appropriate speech is suitable for a capable smaller model.
Perform a SWOT analysis for a new educational technology startup.,4,analysis,education,0,0,gpt-4o,Strategic analysis requires understanding various business factors and their interplay.
Explain the concept of 'opportunity cost' in economics using a real-world example.,2,qa,finance,0,0,gemini-flash,Explaining a core economic principle with an example is a moderate comprehension task.
Write a creative short story about a detective solving a mystery in a futuristic cyberpunk city.,4,creative,general,0,0,gpt-4o,Crafting a detailed and imaginative narrative requires significant creative capacity.
"Explain the process of photosynthesis, including its chemical equation, for a middle school science project.",3,qa,science,0,0,gemini-flash,Explaining a scientific process at a middle school level with chemical details is moderately complex.
"Summarize a legal brief regarding a contractual dispute, highlighting key arguments from both plaintiff and defendant.",4,summarization,legal,0,0,gpt-4o,Summarizing a legal document requires precise extraction of arguments and understanding of legal context.
"Calculate the present value of an annuity with specific parameters (interest rate, payment amount, number of periods).",3,reasoning,finance,0,1,gemini-flash,Financial calculations involving specific formulas are suitable for a model with strong numerical capabilities.
Generate a regular expression to validate email addresses.,3,code,tech,1,0,gemini-flash,Creating a robust regex for email validation is a moderately complex coding task.
Identify and correct the logical error in a pseudo-code algorithm designed to sort an array in descending order.,3,debugging,education,1,0,gemini-flash,Debugging an algorithm in pseudo-code requires understanding logic flow and sorting principles.
"Write a short, engaging description for a new medical device that monitors heart rate for elderly patients.",2,creative,medical,0,0,o3-mini,Crafting a concise and appealing product description is a relatively straightforward creative task.
Provide a detailed analysis of the implications of a recent supreme court ruling on corporate taxation.,5,analysis,legal,0,0,gpt-4o,Analyzing complex legal implications requires deep domain expertise and critical reasoning.
"Summarize the key findings from the latest IPCC report on climate change, focusing on policy recommendations.",3,summarization,science,0,0,gpt-4o,Requires understanding complex scientific text and distilling policy-relevant information.
Analyze the fundamental principles of quantum entanglement and its theoretical implications for information transfer.,4,analysis,science,0,0,gpt-4o,Involves deep theoretical analysis and explanation of complex scientific concepts.
Write a Python function to calculate the Nth Fibonacci number recursively with memoization.,2,code,tech,1,0,o3-mini,Basic coding task requiring knowledge of recursion and optimization.
Debug this Java code snippet that is causing a NullPointerException: `String s = null; System.out.println(s.length());`,1,debugging,tech,1,0,gemini-flash,"Simple debugging for a common error, identifiable by pattern matching."
"If all 'Slorps' are 'Glarps', and some 'Glarps' are 'Flurps', can we logically conclude that some 'Slorps' are 'Flurps'? Explain your reasoning using deductive logic.",3,reasoning,general,0,0,gpt-4o,Requires logical deduction and explanation of abstract logical problems.
Draft a short story about a sentient teapot who dreams of becoming a space explorer and accidentally gets launched into orbit.,4,creative,general,0,0,gpt-4o,"Demands imaginative storytelling, character development, and narrative coherence."
"Analyze the potential impact of rising interest rates on the housing market in the next fiscal year, considering both demand and supply sides.",4,analysis,finance,0,0,gpt-4o,Requires in-depth understanding of economic principles and predictive analysis.
"What are the common symptoms and established treatment options for type 2 diabetes, including lifestyle modifications?",2,qa,medical,0,0,gemini-flash,Factual medical information retrieval and summary is well-suited for a knowledgeable model.
What is the capital of France and what famous landmark is located there?,1,qa,general,0,0,gemini-flash,Trivial factual recall and basic information retrieval.
Provide a legal reasoning for when a 'force majeure' clause would or would not apply in a hypothetical commercial contract dispute involving a global pandemic.,4,reasoning,legal,0,0,gpt-4o,"Requires nuanced legal reasoning, case analysis, and application of specific legal concepts."
"Design a lesson plan for teaching elementary students about the water cycle, including an activity and assessment idea.",3,creative,education,0,0,gemini-flash,"Involves pedagogical knowledge and structuring educational content, suitable for a capable model."
Translate the following Latin phrase 'Carpe Diem' into English and briefly explain its philosophical context and interpretation.,2,translation,education,0,0,gemini-flash,Simple translation combined with a concise explanation of meaning.
"Given a dataset of student test scores, write a SQL query to find the average score for each subject, and list the subjects where the average score is above 85.",3,code,education,1,1,o3-mini,"Involves database query logic and basic mathematical aggregation, requiring code generation."
"Summarize the ethical considerations surrounding the use of AI in medical diagnostics, discussing issues like bias and data privacy.",4,summarization,medical,0,0,gpt-4o,Requires synthesizing complex ethical arguments and specialized domain knowledge.
"Create three different catchy slogans for a new eco-friendly cleaning product, highlighting its effectiveness and natural ingredients.",2,creative,general,0,0,gemini-flash,Basic creative text generation for marketing purposes.
"Analyze the implications of a sudden increase in demand for a product with an inelastic supply, detailing the short-term and long-term market adjustments.",4,analysis,finance,0,0,gpt-4o,Requires economic reasoning and predictive analysis of market dynamics.
Identify and fix the bug in this C++ code where an array is being accessed out of bounds: `int arr[5]; for(int i=0; i<=5; i++) { arr[i] = i; }`,2,debugging,tech,1,0,o3-mini,Common array indexing error requiring code understanding and correction.
"Formulate a comprehensive legal argument against a proposed corporate merger on anti-trust grounds, citing relevant legal precedents and economic impact.",5,reasoning,legal,0,0,gpt-4o,"High-level legal reasoning, persuasive argument construction, and knowledge of precedents."
"Perform a sentiment analysis on 10 provided customer reviews for a new smartphone model and identify common complaints and praises, then summarize the overall sentiment.",4,analysis,tech,0,0,gpt-4o,"Requires natural language processing, data interpretation, and summarization of findings."
"Given the coordinates of three points A(1,2), B(4,6), and C(7,2), determine if they form a right-angled triangle by calculating side lengths and checking the Pythagorean theorem.",4,reasoning,education,0,1,gpt-4o,"Involves geometric reasoning and mathematical calculations (distance formula, Pythagorean theorem)."
"What is the chemical formula for water, how many hydrogen atoms are in a single molecule, and what is its molar mass?",1,qa,science,0,1,gemini-flash,Simple factual recall combined with basic mathematical calculation.
"Compose a short, evocative poem about the changing seasons, specifically focusing on the transition from autumn to winter and the feelings it evokes.",3,creative,general,0,0,gemini-flash,Requires poetic expression and evocative language to capture a theme.
"Explain the process of photosynthesis in detail, including the reactants, products, key stages (light-dependent and light-independent reactions), and energy conversion.",3,summarization,science,0,0,o3-mini,Explaining a complex biological process concisely and comprehensively is suitable for a capable summarization model.
"Write a shell script (Bash) to backup all files in a specified directory that were modified in the last 24 hours to a compressed tar archive, excluding certain file types.",3,code,tech,1,0,o3-mini,"Involves scripting logic, file system operations, and conditional processing."
"Translate the phrase 'Veni, vidi, vici' into English.",1,translation,education,0,0,gemini-flash,Simple translation of a known phrase is efficient for gemini-flash.
Summarize the key events of World War II in less than 250 words.,2,summarization,general,0,0,o3-mini,Summarizing well-documented historical events concisely is suitable for o3-mini.
What are the primary causes of deforestation in the Amazon rainforest?,3,qa,science,0,0,gemini-flash,Factual query requiring retrieval of specific environmental information.
Write a C# function to reverse a string without using built-in reverse functions.,3,code,tech,1,0,gpt-4o,Generating efficient code for a common algorithm without specific libraries needs robust logic.
"Fix the syntax error in this HTML snippet: `<p>Hello, world!<div>`",1,debugging,tech,1,0,gemini-flash,Basic syntax error identification and correction is a simple debugging task.
"If all dogs are mammals and all mammals are animals, is a dog an animal? Provide your reasoning.",1,reasoning,general,0,0,o3-mini,Simple deductive reasoning is a core capability of even smaller models.
Compose a short lullaby for a baby about stars and dreams.,2,creative,general,0,0,gemini-flash,Generating simple creative text like a lullaby is efficient for gemini-flash.
"Analyze the financial statements of a hypothetical startup to forecast its profitability over the next three years, given specific growth rates.",5,analysis,finance,0,1,gpt-4o,Complex financial forecasting and analysis requires sophisticated mathematical and reasoning capabilities.
Explain the role of ribosomes in protein synthesis.,2,qa,science,0,0,o3-mini,Factual explanation of a fundamental biological process is suitable for o3-mini.
"Translate a medical consent form from English to Spanish, ensuring all legal and medical terms are accurate.",4,translation,medical,0,0,gpt-4o,"High-stakes, domain-specific translation requires precision and nuanced understanding, best for gpt-4o."
Summarize the pros and cons of renewable energy sources for a public policy brief.,3,summarization,science,0,0,gemini-flash,Summarizing balanced arguments for a policy document is efficient for gemini-flash.
"Implement a machine learning model (e.g., a simple linear regression) in Python using scikit-learn.",4,code,tech,1,1,gpt-4o,Implementing machine learning models involves both coding and underlying mathematical concepts.
What are the standard procedures for obtaining a patent in the United States?,3,qa,legal,0,0,gemini-flash,Factual queries about legal procedures are efficiently answered by gemini-flash.
Write a compelling short narrative from the perspective of a sentient AI experiencing emotion for the first time.,4,creative,tech,0,0,gpt-4o,Complex creative writing with an abstract theme and unique perspective is best for gpt-4o.
Analyze the impact of a recent Supreme Court ruling on civil liberties.,4,analysis,legal,0,0,gpt-4o,In-depth legal analysis requires advanced reasoning and understanding of legal precedents.
"A patient exhibits symptoms including high fever, severe headache, and stiff neck. Deduce a possible diagnosis.",4,reasoning,medical,0,0,gemini-flash,Common medical diagnosis based on symptom analysis is well-suited for gemini-flash.
"Identify the logical flaw in this argument: 'My neighbor drives a fancy car, so he must be rich and successful.'",2,reasoning,general,0,0,o3-mini,Identifying common logical fallacies is a basic reasoning task for smaller models.
"Rewrite a complex academic abstract for a general audience, simplifying jargon.",3,summarization,education,0,0,gemini-flash,Adapting academic language for a general audience is a strong summarization capability of gemini-flash.
"Analyze the profitability of investing in a specific cryptocurrency, considering market volatility and projected growth.",4,analysis,finance,0,1,gpt-4o,High-risk financial analysis involving market dynamics and projections benefits from gpt-4o's reasoning.
Debug a multi-threaded C++ application experiencing deadlocks and race conditions.,5,debugging,science,1,0,gpt-4o,Debugging complex concurrency issues in scientific computing requires expert-level code analysis.
What is the square root of 256 and how do you calculate it without a calculator?,2,qa,education,0,1,o3-mini,Basic mathematical calculation and explanation of method is suitable for o3-mini.
"Translate an ancient Sumerian tablet inscription into modern English, interpreting context.",5,translation,education,0,0,gpt-4o,Translating ancient texts with historical interpretation serves an educational context.
Write a simple Python script to calculate prime numbers up to a given limit using a Sieve of Eratosthenes algorithm.,3,code,education,1,1,gemini-flash,Generating a common math-related algorithm in Python is efficient for gemini-flash.
Provide a detailed analysis of the ethical considerations surrounding physician-assisted suicide.,5,analysis,medical,0,0,gpt-4o,Deep ethical analysis of sensitive medical topics requires advanced reasoning and nuanced understanding.
Debug this Java code that's supposed to calculate factorials but returns negative numbers for certain inputs.,4,debugging,finance,1,0,gemini-flash,Debugging code for financial applications requires domain-specific understanding.
Summarize the key findings of the latest IPCC report on climate change in 200 words.,3,summarization,science,0,0,gpt-4o,Requires understanding complex scientific text and condensing it effectively.
Explain the concept of quantum entanglement for a high school student.,3,qa,science,0,0,gpt-4o,Requires simplifying complex scientific information for a specific audience.
Debug the following JavaScript code snippet which is supposed to reverse a string: `function reverseString(str) { return str.split('').reverse; }`,2,debugging,tech,1,0,o3-mini,Identifying and correcting a simple coding error is suitable for smaller models.
"Draft a short, compelling email to a potential investor for a new AI startup focused on personalized learning.",4,creative,finance,0,0,gpt-4o,Requires creativity and strategic thinking to persuade a specific audience.
"Analyze the pros and cons of implementing a universal basic income policy in developed nations, considering economic and social impacts.",5,analysis,education,0,0,gpt-4o,In-depth analysis of complex socioeconomic policies requires advanced reasoning.
"If a car travels at 60 mph for 3 hours, how far does it travel?",1,reasoning,general,0,1,o3-mini,A basic word problem requiring simple mathematical calculation.
Explain the legal implications of data privacy regulations like GDPR for businesses operating globally.,4,analysis,legal,0,0,gpt-4o,Requires deep understanding of legal frameworks and their international business impact.
Refactor this C++ code to use smart pointers instead of raw pointers for memory management.,3,code,tech,1,0,gpt-4o,Modifying existing code to improve design patterns requires good code understanding.
What are the common symptoms and treatment options for Type 2 Diabetes?,2,qa,medical,0,0,gemini-flash,Factual retrieval and summarization of medical information.
Evaluate the ethical considerations surrounding the use of CRISPR gene editing technology in humans.,4,reasoning,science,0,0,gpt-4o,Requires complex ethical reasoning and understanding of advanced biological concepts.
Write a SQL query to select all employees who earn more than their direct managers.,3,code,tech,1,0,gemini-flash,Generating a moderately complex SQL query is a common coding task.
How does photosynthesis convert light energy into chemical energy?,2,qa,science,0,0,o3-mini,Explaining a biological process factually.
"Identify the logical fallacy in the statement: 'Everyone is buying this new gadget, so it must be the best one on the market.'",2,reasoning,education,0,0,gemini-flash,Requires basic logical analysis to identify a common fallacy.
"Summarize the current global economic outlook, focusing on inflation trends and central bank policies.",4,summarization,finance,0,0,gpt-4o,Summarizing complex and dynamic financial data requires advanced comprehension.
Translate a short technical manual section on 'Troubleshooting Network Connectivity' from English to German.,3,translation,tech,0,0,gpt-4o,Technical translation demands precision and domain-specific vocabulary.
What are the key principles of contract law and offer-acceptance in common law jurisdictions?,3,qa,legal,0,0,gemini-flash,Explaining legal concepts requires accurate factual retrieval and clear exposition.
"Analyze the financial statements of Apple Inc. for the last fiscal year and provide a brief investment recommendation (buy, sell, or hold).",5,analysis,finance,0,0,gpt-4o,Requires detailed financial analysis and strategic investment decision-making.
"Suggest creative ways to fundraise for a local animal shelter, targeting both online and offline strategies.",3,creative,general,0,0,gemini-flash,Generating diverse and practical creative ideas.
"Given the sequence 1, 4, 9, 16, what is the 7th term and the formula for the Nth term?",2,reasoning,education,0,1,o3-mini,Requires pattern recognition and basic mathematical sequence derivation.
"Correct the semantic error in this patient's medical history entry: 'Patient experienced acute pain after consuming penicillin, which she is allergic to.'",3,debugging,medical,0,0,o3-mini,Identifying and correcting logical inconsistencies in natural language requires contextual understanding.
"Write a short story from the perspective of a tiny robot exploring a vast, abandoned library.",4,creative,general,0,0,gemini-flash,Requires imaginative storytelling with a specific narrative constraint.
